genres,average_rating,count_movies
Drama,7.8134044173648185,6565
Drama|Romance,7.666268656716415,5025
Crime|Drama|Mystery|Thriller,7.662879788639352,3785
Action|Adventure|Sci-Fi,7.441087372448979,12544
Crime|Drama|Thriller,7.413765612543193,3763
Action|Adventure|Sci-Fi|Thriller,7.338452787258249,3516
Comedy|Drama|Romance,7.3097565310112,5627
Drama|Thriller,7.256454388984517,3486
Comedy|Drama,7.2148169336384465,3496
Comedy,6.591671845866984,4827
