genres,average_rating,count_movies
Crime|Drama,7.832209106239454,2372
Drama,7.716493873704053,5305
Action|Adventure|Sci-Fi|Thriller,7.497687074829922,3675
Drama|Romance,7.477039848197352,2635
Crime|Drama|Thriller,7.46107594936708,3160
Comedy|Drama,7.294734334048123,4197
Action|Adventure|Sci-Fi,7.201319381255684,4396
Comedy|Drama|Romance,7.156729739378798,2801
Action|Crime|Thriller,6.972804001250394,3199
Comedy,6.595148616330702,2927
