genres,average_rating,count_movies
Crime|Drama,8.120150187734676,2397
Biography|Drama,7.765180467091292,2355
Drama,7.743310442813168,4223
Drama|Romance,7.516714697406358,3470
Action|Adventure|Sci-Fi,7.43996941116492,3923
Crime|Drama|Thriller,7.42726440988107,2186
Comedy|Drama|Romance,7.367477203647416,3290
Comedy|Drama,7.245734809937141,3341
Action|Adventure|Fantasy|Sci-Fi,7.13311226906681,4222
Comedy,6.314395259672375,2869
