genres,average_rating,count_movies
Biography|Drama,8.009421265141327,2229
Drama,7.632561728395046,6480
Drama|Romance,7.402191558441561,2464
Comedy|Drama,7.368992248062002,2580
Crime|Drama|Thriller,7.3585526315789345,2128
Action|Adventure|Fantasy|Sci-Fi,7.216206776108977,2863
Comedy|Drama|Romance,7.102721685689197,2278
Action|Crime|Thriller,7.012879484820608,2174
Action|Adventure|Sci-Fi,6.92767295597485,2862
Horror|Thriller,6.879137225734474,2689
