genres,average_rating,count_movies
Crime|Drama|Thriller,8.54990376684082,3637
Animation|Adventure|Comedy|Family|Fantasy,8.303635067712042,1403
Action|Adventure|Fantasy|Sci-Fi,8.1769513690233,2447
Drama,7.822700911350469,3621
Drama|Romance,7.700064226075786,1557
Comedy|Drama,7.640383956119311,2917
Action|Adventure|Sci-Fi,7.1890085406609625,2693
Comedy,6.553370786516863,1424
Horror|Thriller,6.273209549071615,1508
Horror|Mystery|Thriller,6.146830530401024,1546
